source name	characteristics[organism]	characteristics[organism part]	characteristics[disease]	characteristics[age]	characteristics[sex]	characteristics[developmental stage]	characteristics[individual]	characteristics[ancestry category]	characteristics[cell type]	characteristics[biological replicate]	characteristics[pooled sample]	characteristics[sample type]	characteristics[sample matrix]	assay name	technology type	comment[technical replicate]	comment[data file]	comment[file uri]	comment[platform]	comment[instrument]	comment[panel name]	comment[panel version]	comment[quantification unit]	comment[plate]	comment[normalization method]	comment[fraction identifier]	comment[somascan menu]	comment[somascan platform]	comment[dilution]	comment[somascan lot number]	comment[sdrf version]	comment[sdrf template]	comment[sdrf template]	comment[sdrf template]	comment[sdrf annotation tool]
PAD000010-f01-r00001-4023_POST	Homo sapiens	Blood plasma	not available	not available	not available	not available	4023	not available	not available	1	not available	experimental sample	blood plasma	PAD000010-f01-r00001-4023_POST	protein expression profiling by aptamer array	1	SS-2340753_v4.1_EDTAPlasma.hybNorm.medNormInt.plateScale.calibration.anmlQC.qcCheck.anmlSMP.adat	ftp://ftp.pride.ebi.ac.uk/pride/data/archive/2025/11/PAD000010/SS-2340753_v4.1_EDTAPlasma.hybNorm.medNormInt.plateScale.calibration.anmlQC.qcCheck.anmlSMP.adat	SomaScan Assay	not available	SomaScan 7K	v4.1	RFU	PLT23671	Raw RFU, Hyb Normalization, medNormInt (SampleId), plateScale, Calibration, anmlQC, qcCheck, anmlSMP	1	SomaScan 7K	SomaScan Assay v4.1	20%	not available	v1.1.0	NT=affinity-proteomics;VV=v1.0.0	NT=somascan;VV=v1.0.0	NT=human;VV=v1.1.0	NT=sdrf-skills-autoresearch;VV=v0.0.0
PAD000010-f01-r00002-4014_POST	Homo sapiens	Blood plasma	not available	not available	not available	not available	4014	not available	not available	2	not available	experimental sample	blood plasma	PAD000010-f01-r00002-4014_POST	protein expression profiling by aptamer array	1	SS-2340753_v4.1_EDTAPlasma.hybNorm.medNormInt.plateScale.calibration.anmlQC.qcCheck.anmlSMP.adat	ftp://ftp.pride.ebi.ac.uk/pride/data/archive/2025/11/PAD000010/SS-2340753_v4.1_EDTAPlasma.hybNorm.medNormInt.plateScale.calibration.anmlQC.qcCheck.anmlSMP.adat	SomaScan Assay	not available	SomaScan 7K	v4.1	RFU	PLT23671	Raw RFU, Hyb Normalization, medNormInt (SampleId), plateScale, Calibration, anmlQC, qcCheck, anmlSMP	1	SomaScan 7K	SomaScan Assay v4.1	20%	not available	v1.1.0	NT=affinity-proteomics;VV=v1.0.0	NT=somascan;VV=v1.0.0	NT=human;VV=v1.1.0	NT=sdrf-skills-autoresearch;VV=v0.0.0
PAD000010-f01-r00003-200169	Homo sapiens	Blood plasma	not available	not available	not available	not available	not available	not available	not available	3	not available	calibrator sample	blood plasma	PAD000010-f01-r00003-200169	protein expression profiling by aptamer array	1	SS-2340753_v4.1_EDTAPlasma.hybNorm.medNormInt.plateScale.calibration.anmlQC.qcCheck.anmlSMP.adat	ftp://ftp.pride.ebi.ac.uk/pride/data/archive/2025/11/PAD000010/SS-2340753_v4.1_EDTAPlasma.hybNorm.medNormInt.plateScale.calibration.anmlQC.qcCheck.anmlSMP.adat	SomaScan Assay	not available	SomaScan 7K	v4.1	RFU	PLT23671	Raw RFU, Hyb Normalization, medNormInt (SampleId), plateScale, Calibration, anmlQC, qcCheck, anmlSMP	1	SomaScan 7K	SomaScan Assay v4.1	20%	not available	v1.1.0	NT=affinity-proteomics;VV=v1.0.0	NT=somascan;VV=v1.0.0	NT=human;VV=v1.1.0	NT=sdrf-skills-autoresearch;VV=v0.0.0
PAD000010-f01-r00004-4015_POST	Homo sapiens	Blood plasma	not available	not available	not available	not available	4015	not available	not available	4	not available	experimental sample	blood plasma	PAD000010-f01-r00004-4015_POST	protein expression profiling by aptamer array	1	SS-2340753_v4.1_EDTAPlasma.hybNorm.medNormInt.plateScale.calibration.anmlQC.qcCheck.anmlSMP.adat	ftp://ftp.pride.ebi.ac.uk/pride/data/archive/2025/11/PAD000010/SS-2340753_v4.1_EDTAPlasma.hybNorm.medNormInt.plateScale.calibration.anmlQC.qcCheck.anmlSMP.adat	SomaScan Assay	not available	SomaScan 7K	v4.1	RFU	PLT23671	Raw RFU, Hyb Normalization, medNormInt (SampleId), plateScale, Calibration, anmlQC, qcCheck, anmlSMP	1	SomaScan 7K	SomaScan Assay v4.1	20%	not available	v1.1.0	NT=affinity-proteomics;VV=v1.0.0	NT=somascan;VV=v1.0.0	NT=human;VV=v1.1.0	NT=sdrf-skills-autoresearch;VV=v0.0.0
PAD000010-f01-r00005-4099_PRE	Homo sapiens	Blood plasma	not available	not available	not available	not available	4099	not available	not available	5	not available	experimental sample	blood plasma	PAD000010-f01-r00005-4099_PRE	protein expression profiling by aptamer array	1	SS-2340753_v4.1_EDTAPlasma.hybNorm.medNormInt.plateScale.calibration.anmlQC.qcCheck.anmlSMP.adat	ftp://ftp.pride.ebi.ac.uk/pride/data/archive/2025/11/PAD000010/SS-2340753_v4.1_EDTAPlasma.hybNorm.medNormInt.plateScale.calibration.anmlQC.qcCheck.anmlSMP.adat	SomaScan Assay	not available	SomaScan 7K	v4.1	RFU	PLT23671	Raw RFU, Hyb Normalization, medNormInt (SampleId), plateScale, Calibration, anmlQC, qcCheck, anmlSMP	1	SomaScan 7K	SomaScan Assay v4.1	20%	not available	v1.1.0	NT=affinity-proteomics;VV=v1.0.0	NT=somascan;VV=v1.0.0	NT=human;VV=v1.1.0	NT=sdrf-skills-autoresearch;VV=v0.0.0
PAD000010-f01-r00006-2119_PRE	Homo sapiens	Blood plasma	not available	not available	not available	not available	2119	not available	not available	6	not available	experimental sample	blood plasma	PAD000010-f01-r00006-2119_PRE	protein expression profiling by aptamer array	1	SS-2340753_v4.1_EDTAPlasma.hybNorm.medNormInt.plateScale.calibration.anmlQC.qcCheck.anmlSMP.adat	ftp://ftp.pride.ebi.ac.uk/pride/data/archive/2025/11/PAD000010/SS-2340753_v4.1_EDTAPlasma.hybNorm.medNormInt.plateScale.calibration.anmlQC.qcCheck.anmlSMP.adat	SomaScan Assay	not available	SomaScan 7K	v4.1	RFU	PLT23671	Raw RFU, Hyb Normalization, medNormInt (SampleId), plateScale, Calibration, anmlQC, qcCheck, anmlSMP	1	SomaScan 7K	SomaScan Assay v4.1	20%	not available	v1.1.0	NT=affinity-proteomics;VV=v1.0.0	NT=somascan;VV=v1.0.0	NT=human;VV=v1.1.0	NT=sdrf-skills-autoresearch;VV=v0.0.0
PAD000010-f01-r00007-4013_POST	Homo sapiens	Blood plasma	not available	not available	not available	not available	4013	not available	not available	7	not available	experimental sample	blood plasma	PAD000010-f01-r00007-4013_POST	protein expression profiling by aptamer array	1	SS-2340753_v4.1_EDTAPlasma.hybNorm.medNormInt.plateScale.calibration.anmlQC.qcCheck.anmlSMP.adat	ftp://ftp.pride.ebi.ac.uk/pride/data/archive/2025/11/PAD000010/SS-2340753_v4.1_EDTAPlasma.hybNorm.medNormInt.plateScale.calibration.anmlQC.qcCheck.anmlSMP.adat	SomaScan Assay	not available	SomaScan 7K	v4.1	RFU	PLT23671	Raw RFU, Hyb Normalization, medNormInt (SampleId), plateScale, Calibration, anmlQC, qcCheck, anmlSMP	1	SomaScan 7K	SomaScan Assay v4.1	20%	not available	v1.1.0	NT=affinity-proteomics;VV=v1.0.0	NT=somascan;VV=v1.0.0	NT=human;VV=v1.1.0	NT=sdrf-skills-autoresearch;VV=v0.0.0
PAD000010-f01-r00008-1960_PRE	Homo sapiens	Blood plasma	not available	not available	not available	not available	1960	not available	not available	8	not available	experimental sample	blood plasma	PAD000010-f01-r00008-1960_PRE	protein expression profiling by aptamer array	1	SS-2340753_v4.1_EDTAPlasma.hybNorm.medNormInt.plateScale.calibration.anmlQC.qcCheck.anmlSMP.adat	ftp://ftp.pride.ebi.ac.uk/pride/data/archive/2025/11/PAD000010/SS-2340753_v4.1_EDTAPlasma.hybNorm.medNormInt.plateScale.calibration.anmlQC.qcCheck.anmlSMP.adat	SomaScan Assay	not available	SomaScan 7K	v4.1	RFU	PLT23671	Raw RFU, Hyb Normalization, medNormInt (SampleId), plateScale, Calibration, anmlQC, qcCheck, anmlSMP	1	SomaScan 7K	SomaScan Assay v4.1	20%	not available	v1.1.0	NT=affinity-proteomics;VV=v1.0.0	NT=somascan;VV=v1.0.0	NT=human;VV=v1.1.0	NT=sdrf-skills-autoresearch;VV=v0.0.0
PAD000010-f01-r00009-4017_PRE	Homo sapiens	Blood plasma	not available	not available	not available	not available	4017	not available	not available	9	not available	experimental sample	blood plasma	PAD000010-f01-r00009-4017_PRE	protein expression profiling by aptamer array	1	SS-2340753_v4.1_EDTAPlasma.hybNorm.medNormInt.plateScale.calibration.anmlQC.qcCheck.anmlSMP.adat	ftp://ftp.pride.ebi.ac.uk/pride/data/archive/2025/11/PAD000010/SS-2340753_v4.1_EDTAPlasma.hybNorm.medNormInt.plateScale.calibration.anmlQC.qcCheck.anmlSMP.adat	SomaScan Assay	not available	SomaScan 7K	v4.1	RFU	PLT23671	Raw RFU, Hyb Normalization, medNormInt (SampleId), plateScale, Calibration, anmlQC, qcCheck, anmlSMP	1	SomaScan 7K	SomaScan Assay v4.1	20%	not available	v1.1.0	NT=affinity-proteomics;VV=v1.0.0	NT=somascan;VV=v1.0.0	NT=human;VV=v1.1.0	NT=sdrf-skills-autoresearch;VV=v0.0.0
PAD000010-f01-r00010-4018_PRE	Homo sapiens	Blood plasma	not available	not available	not available	not available	4018	not available	not available	10	not available	experimental sample	blood plasma	PAD000010-f01-r00010-4018_PRE	protein expression profiling by aptamer array	1	SS-2340753_v4.1_EDTAPlasma.hybNorm.medNormInt.plateScale.calibration.anmlQC.qcCheck.anmlSMP.adat	ftp://ftp.pride.ebi.ac.uk/pride/data/archive/2025/11/PAD000010/SS-2340753_v4.1_EDTAPlasma.hybNorm.medNormInt.plateScale.calibration.anmlQC.qcCheck.anmlSMP.adat	SomaScan Assay	not available	SomaScan 7K	v4.1	RFU	PLT23671	Raw RFU, Hyb Normalization, medNormInt (SampleId), plateScale, Calibration, anmlQC, qcCheck, anmlSMP	1	SomaScan 7K	SomaScan Assay v4.1	20%	not available	v1.1.0	NT=affinity-proteomics;VV=v1.0.0	NT=somascan;VV=v1.0.0	NT=human;VV=v1.1.0	NT=sdrf-skills-autoresearch;VV=v0.0.0
PAD000010-f01-r00011-4026_PRE	Homo sapiens	Blood plasma	not available	not available	not available	not available	4026	not available	not available	11	not available	experimental sample	blood plasma	PAD000010-f01-r00011-4026_PRE	protein expression profiling by aptamer array	1	SS-2340753_v4.1_EDTAPlasma.hybNorm.medNormInt.plateScale.calibration.anmlQC.qcCheck.anmlSMP.adat	ftp://ftp.pride.ebi.ac.uk/pride/data/archive/2025/11/PAD000010/SS-2340753_v4.1_EDTAPlasma.hybNorm.medNormInt.plateScale.calibration.anmlQC.qcCheck.anmlSMP.adat	SomaScan Assay	not available	SomaScan 7K	v4.1	RFU	PLT23671	Raw RFU, Hyb Normalization, medNormInt (SampleId), plateScale, Calibration, anmlQC, qcCheck, anmlSMP	1	SomaScan 7K	SomaScan Assay v4.1	20%	not available	v1.1.0	NT=affinity-proteomics;VV=v1.0.0	NT=somascan;VV=v1.0.0	NT=human;VV=v1.1.0	NT=sdrf-skills-autoresearch;VV=v0.0.0
PAD000010-f01-r00012-1580_POST	Homo sapiens	Blood plasma	not available	not available	not available	not available	1580	not available	not available	12	not available	experimental sample	blood plasma	PAD000010-f01-r00012-1580_POST	protein expression profiling by aptamer array	1	SS-2340753_v4.1_EDTAPlasma.hybNorm.medNormInt.plateScale.calibration.anmlQC.qcCheck.anmlSMP.adat	ftp://ftp.pride.ebi.ac.uk/pride/data/archive/2025/11/PAD000010/SS-2340753_v4.1_EDTAPlasma.hybNorm.medNormInt.plateScale.calibration.anmlQC.qcCheck.anmlSMP.adat	SomaScan Assay	not available	SomaScan 7K	v4.1	RFU	PLT23671	Raw RFU, Hyb Normalization, medNormInt (SampleId), plateScale, Calibration, anmlQC, qcCheck, anmlSMP	1	SomaScan 7K	SomaScan Assay v4.1	20%	not available	v1.1.0	NT=affinity-proteomics;VV=v1.0.0	NT=somascan;VV=v1.0.0	NT=human;VV=v1.1.0	NT=sdrf-skills-autoresearch;VV=v0.0.0
PAD000010-f01-r00013-1960_POST	Homo sapiens	Blood plasma	not available	not available	not available	not available	1960	not available	not available	13	not available	experimental sample	blood plasma	PAD000010-f01-r00013-1960_POST	protein expression profiling by aptamer array	1	SS-2340753_v4.1_EDTAPlasma.hybNorm.medNormInt.plateScale.calibration.anmlQC.qcCheck.anmlSMP.adat	ftp://ftp.pride.ebi.ac.uk/pride/data/archive/2025/11/PAD000010/SS-2340753_v4.1_EDTAPlasma.hybNorm.medNormInt.plateScale.calibration.anmlQC.qcCheck.anmlSMP.adat	SomaScan Assay	not available	SomaScan 7K	v4.1	RFU	PLT23671	Raw RFU, Hyb Normalization, medNormInt (SampleId), plateScale, Calibration, anmlQC, qcCheck, anmlSMP	1	SomaScan 7K	SomaScan Assay v4.1	20%	not available	v1.1.0	NT=affinity-proteomics;VV=v1.0.0	NT=somascan;VV=v1.0.0	NT=human;VV=v1.1.0	NT=sdrf-skills-autoresearch;VV=v0.0.0
PAD000010-f01-r00014-230066	Homo sapiens	Blood plasma	not available	not available	not available	not available	not available	not available	not available	14	not available	experimental sample	blood plasma	PAD000010-f01-r00014-230066	protein expression profiling by aptamer array	1	SS-2340753_v4.1_EDTAPlasma.hybNorm.medNormInt.plateScale.calibration.anmlQC.qcCheck.anmlSMP.adat	ftp://ftp.pride.ebi.ac.uk/pride/data/archive/2025/11/PAD000010/SS-2340753_v4.1_EDTAPlasma.hybNorm.medNormInt.plateScale.calibration.anmlQC.qcCheck.anmlSMP.adat	SomaScan Assay	not available	SomaScan 7K	v4.1	RFU	PLT23671	Raw RFU, Hyb Normalization, medNormInt (SampleId), plateScale, Calibration, anmlQC, qcCheck, anmlSMP	1	SomaScan 7K	SomaScan Assay v4.1	20%	not available	v1.1.0	NT=affinity-proteomics;VV=v1.0.0	NT=somascan;VV=v1.0.0	NT=human;VV=v1.1.0	NT=sdrf-skills-autoresearch;VV=v0.0.0
PAD000010-f01-r00015-2119_POST	Homo sapiens	Blood plasma	not available	not available	not available	not available	2119	not available	not available	15	not available	experimental sample	blood plasma	PAD000010-f01-r00015-2119_POST	protein expression profiling by aptamer array	1	SS-2340753_v4.1_EDTAPlasma.hybNorm.medNormInt.plateScale.calibration.anmlQC.qcCheck.anmlSMP.adat	ftp://ftp.pride.ebi.ac.uk/pride/data/archive/2025/11/PAD000010/SS-2340753_v4.1_EDTAPlasma.hybNorm.medNormInt.plateScale.calibration.anmlQC.qcCheck.anmlSMP.adat	SomaScan Assay	not available	SomaScan 7K	v4.1	RFU	PLT23671	Raw RFU, Hyb Normalization, medNormInt (SampleId), plateScale, Calibration, anmlQC, qcCheck, anmlSMP	1	SomaScan 7K	SomaScan Assay v4.1	20%	not available	v1.1.0	NT=affinity-proteomics;VV=v1.0.0	NT=somascan;VV=v1.0.0	NT=human;VV=v1.1.0	NT=sdrf-skills-autoresearch;VV=v0.0.0
PAD000010-f01-r00016-4018_POST	Homo sapiens	Blood plasma	not available	not available	not available	not available	4018	not available	not available	16	not available	experimental sample	blood plasma	PAD000010-f01-r00016-4018_POST	protein expression profiling by aptamer array	1	SS-2340753_v4.1_EDTAPlasma.hybNorm.medNormInt.plateScale.calibration.anmlQC.qcCheck.anmlSMP.adat	ftp://ftp.pride.ebi.ac.uk/pride/data/archive/2025/11/PAD000010/SS-2340753_v4.1_EDTAPlasma.hybNorm.medNormInt.plateScale.calibration.anmlQC.qcCheck.anmlSMP.adat	SomaScan Assay	not available	SomaScan 7K	v4.1	RFU	PLT23671	Raw RFU, Hyb Normalization, medNormInt (SampleId), plateScale, Calibration, anmlQC, qcCheck, anmlSMP	1	SomaScan 7K	SomaScan Assay v4.1	20%	not available	v1.1.0	NT=affinity-proteomics;VV=v1.0.0	NT=somascan;VV=v1.0.0	NT=human;VV=v1.1.0	NT=sdrf-skills-autoresearch;VV=v0.0.0
PAD000010-f01-r00017-230066	Homo sapiens	Blood plasma	not available	not available	not available	not available	not available	not available	not available	17	not available	experimental sample	blood plasma	PAD000010-f01-r00017-230066	protein expression profiling by aptamer array	2	SS-2340753_v4.1_EDTAPlasma.hybNorm.medNormInt.plateScale.calibration.anmlQC.qcCheck.anmlSMP.adat	ftp://ftp.pride.ebi.ac.uk/pride/data/archive/2025/11/PAD000010/SS-2340753_v4.1_EDTAPlasma.hybNorm.medNormInt.plateScale.calibration.anmlQC.qcCheck.anmlSMP.adat	SomaScan Assay	not available	SomaScan 7K	v4.1	RFU	PLT23671	Raw RFU, Hyb Normalization, medNormInt (SampleId), plateScale, Calibration, anmlQC, qcCheck, anmlSMP	1	SomaScan 7K	SomaScan Assay v4.1	20%	not available	v1.1.0	NT=affinity-proteomics;VV=v1.0.0	NT=somascan;VV=v1.0.0	NT=human;VV=v1.1.0	NT=sdrf-skills-autoresearch;VV=v0.0.0
PAD000010-f01-r00018-213_POST	Homo sapiens	Blood plasma	not available	not available	not available	not available	213	not available	not available	18	not available	experimental sample	blood plasma	PAD000010-f01-r00018-213_POST	protein expression profiling by aptamer array	1	SS-2340753_v4.1_EDTAPlasma.hybNorm.medNormInt.plateScale.calibration.anmlQC.qcCheck.anmlSMP.adat	ftp://ftp.pride.ebi.ac.uk/pride/data/archive/2025/11/PAD000010/SS-2340753_v4.1_EDTAPlasma.hybNorm.medNormInt.plateScale.calibration.anmlQC.qcCheck.anmlSMP.adat	SomaScan Assay	not available	SomaScan 7K	v4.1	RFU	PLT23671	Raw RFU, Hyb Normalization, medNormInt (SampleId), plateScale, Calibration, anmlQC, qcCheck, anmlSMP	1	SomaScan 7K	SomaScan Assay v4.1	20%	not available	v1.1.0	NT=affinity-proteomics;VV=v1.0.0	NT=somascan;VV=v1.0.0	NT=human;VV=v1.1.0	NT=sdrf-skills-autoresearch;VV=v0.0.0
PAD000010-f01-r00019-4099_POST	Homo sapiens	Blood plasma	not available	not available	not available	not available	4099	not available	not available	19	not available	experimental sample	blood plasma	PAD000010-f01-r00019-4099_POST	protein expression profiling by aptamer array	1	SS-2340753_v4.1_EDTAPlasma.hybNorm.medNormInt.plateScale.calibration.anmlQC.qcCheck.anmlSMP.adat	ftp://ftp.pride.ebi.ac.uk/pride/data/archive/2025/11/PAD000010/SS-2340753_v4.1_EDTAPlasma.hybNorm.medNormInt.plateScale.calibration.anmlQC.qcCheck.anmlSMP.adat	SomaScan Assay	not available	SomaScan 7K	v4.1	RFU	PLT23671	Raw RFU, Hyb Normalization, medNormInt (SampleId), plateScale, Calibration, anmlQC, qcCheck, anmlSMP	1	SomaScan 7K	SomaScan Assay v4.1	20%	not available	v1.1.0	NT=affinity-proteomics;VV=v1.0.0	NT=somascan;VV=v1.0.0	NT=human;VV=v1.1.0	NT=sdrf-skills-autoresearch;VV=v0.0.0
PAD000010-f01-r00020-4019_PRE	Homo sapiens	Blood plasma	not available	not available	not available	not available	4019	not available	not available	20	not available	experimental sample	blood plasma	PAD000010-f01-r00020-4019_PRE	protein expression profiling by aptamer array	1	SS-2340753_v4.1_EDTAPlasma.hybNorm.medNormInt.plateScale.calibration.anmlQC.qcCheck.anmlSMP.adat	ftp://ftp.pride.ebi.ac.uk/pride/data/archive/2025/11/PAD000010/SS-2340753_v4.1_EDTAPlasma.hybNorm.medNormInt.plateScale.calibration.anmlQC.qcCheck.anmlSMP.adat	SomaScan Assay	not available	SomaScan 7K	v4.1	RFU	PLT23671	Raw RFU, Hyb Normalization, medNormInt (SampleId), plateScale, Calibration, anmlQC, qcCheck, anmlSMP	1	SomaScan 7K	SomaScan Assay v4.1	20%	not available	v1.1.0	NT=affinity-proteomics;VV=v1.0.0	NT=somascan;VV=v1.0.0	NT=human;VV=v1.1.0	NT=sdrf-skills-autoresearch;VV=v0.0.0
PAD000010-f01-r00021-4016_POST	Homo sapiens	Blood plasma	not available	not available	not available	not available	4016	not available	not available	21	not available	experimental sample	blood plasma	PAD000010-f01-r00021-4016_POST	protein expression profiling by aptamer array	1	SS-2340753_v4.1_EDTAPlasma.hybNorm.medNormInt.plateScale.calibration.anmlQC.qcCheck.anmlSMP.adat	ftp://ftp.pride.ebi.ac.uk/pride/data/archive/2025/11/PAD000010/SS-2340753_v4.1_EDTAPlasma.hybNorm.medNormInt.plateScale.calibration.anmlQC.qcCheck.anmlSMP.adat	SomaScan Assay	not available	SomaScan 7K	v4.1	RFU	PLT23671	Raw RFU, Hyb Normalization, medNormInt (SampleId), plateScale, Calibration, anmlQC, qcCheck, anmlSMP	1	SomaScan 7K	SomaScan Assay v4.1	20%	not available	v1.1.0	NT=affinity-proteomics;VV=v1.0.0	NT=somascan;VV=v1.0.0	NT=human;VV=v1.1.0	NT=sdrf-skills-autoresearch;VV=v0.0.0
PAD000010-f01-r00022-4025_POST	Homo sapiens	Blood plasma	not available	not available	not available	not available	4025	not available	not available	22	not available	experimental sample	blood plasma	PAD000010-f01-r00022-4025_POST	protein expression profiling by aptamer array	1	SS-2340753_v4.1_EDTAPlasma.hybNorm.medNormInt.plateScale.calibration.anmlQC.qcCheck.anmlSMP.adat	ftp://ftp.pride.ebi.ac.uk/pride/data/archive/2025/11/PAD000010/SS-2340753_v4.1_EDTAPlasma.hybNorm.medNormInt.plateScale.calibration.anmlQC.qcCheck.anmlSMP.adat	SomaScan Assay	not available	SomaScan 7K	v4.1	RFU	PLT23671	Raw RFU, Hyb Normalization, medNormInt (SampleId), plateScale, Calibration, anmlQC, qcCheck, anmlSMP	1	SomaScan 7K	SomaScan Assay v4.1	20%	not available	v1.1.0	NT=affinity-proteomics;VV=v1.0.0	NT=somascan;VV=v1.0.0	NT=human;VV=v1.1.0	NT=sdrf-skills-autoresearch;VV=v0.0.0
PAD000010-f01-r00023-4022_PRE	Homo sapiens	Blood plasma	not available	not available	not available	not available	4022	not available	not available	23	not available	experimental sample	blood plasma	PAD000010-f01-r00023-4022_PRE	protein expression profiling by aptamer array	1	SS-2340753_v4.1_EDTAPlasma.hybNorm.medNormInt.plateScale.calibration.anmlQC.qcCheck.anmlSMP.adat	ftp://ftp.pride.ebi.ac.uk/pride/data/archive/2025/11/PAD000010/SS-2340753_v4.1_EDTAPlasma.hybNorm.medNormInt.plateScale.calibration.anmlQC.qcCheck.anmlSMP.adat	SomaScan Assay	not available	SomaScan 7K	v4.1	RFU	PLT23671	Raw RFU, Hyb Normalization, medNormInt (SampleId), plateScale, Calibration, anmlQC, qcCheck, anmlSMP	1	SomaScan 7K	SomaScan Assay v4.1	20%	not available	v1.1.0	NT=affinity-proteomics;VV=v1.0.0	NT=somascan;VV=v1.0.0	NT=human;VV=v1.1.0	NT=sdrf-skills-autoresearch;VV=v0.0.0
PAD000010-f01-r00024-4016_PRE	Homo sapiens	Blood plasma	not available	not available	not available	not available	4016	not available	not available	24	not available	experimental sample	blood plasma	PAD000010-f01-r00024-4016_PRE	protein expression profiling by aptamer array	1	SS-2340753_v4.1_EDTAPlasma.hybNorm.medNormInt.plateScale.calibration.anmlQC.qcCheck.anmlSMP.adat	ftp://ftp.pride.ebi.ac.uk/pride/data/archive/2025/11/PAD000010/SS-2340753_v4.1_EDTAPlasma.hybNorm.medNormInt.plateScale.calibration.anmlQC.qcCheck.anmlSMP.adat	SomaScan Assay	not available	SomaScan 7K	v4.1	RFU	PLT23671	Raw RFU, Hyb Normalization, medNormInt (SampleId), plateScale, Calibration, anmlQC, qcCheck, anmlSMP	1	SomaScan 7K	SomaScan Assay v4.1	20%	not available	v1.1.0	NT=affinity-proteomics;VV=v1.0.0	NT=somascan;VV=v1.0.0	NT=human;VV=v1.1.0	NT=sdrf-skills-autoresearch;VV=v0.0.0
PAD000010-f01-r00025-4021_PRE	Homo sapiens	Blood plasma	not available	not available	not available	not available	4021	not available	not available	25	not available	experimental sample	blood plasma	PAD000010-f01-r00025-4021_PRE	protein expression profiling by aptamer array	1	SS-2340753_v4.1_EDTAPlasma.hybNorm.medNormInt.plateScale.calibration.anmlQC.qcCheck.anmlSMP.adat	ftp://ftp.pride.ebi.ac.uk/pride/data/archive/2025/11/PAD000010/SS-2340753_v4.1_EDTAPlasma.hybNorm.medNormInt.plateScale.calibration.anmlQC.qcCheck.anmlSMP.adat	SomaScan Assay	not available	SomaScan 7K	v4.1	RFU	PLT23671	Raw RFU, Hyb Normalization, medNormInt (SampleId), plateScale, Calibration, anmlQC, qcCheck, anmlSMP	1	SomaScan 7K	SomaScan Assay v4.1	20%	not available	v1.1.0	NT=affinity-proteomics;VV=v1.0.0	NT=somascan;VV=v1.0.0	NT=human;VV=v1.1.0	NT=sdrf-skills-autoresearch;VV=v0.0.0
PAD000010-f01-r00026-214_PRE	Homo sapiens	Blood plasma	not available	not available	not available	not available	214	not available	not available	26	not available	experimental sample	blood plasma	PAD000010-f01-r00026-214_PRE	protein expression profiling by aptamer array	1	SS-2340753_v4.1_EDTAPlasma.hybNorm.medNormInt.plateScale.calibration.anmlQC.qcCheck.anmlSMP.adat	ftp://ftp.pride.ebi.ac.uk/pride/data/archive/2025/11/PAD000010/SS-2340753_v4.1_EDTAPlasma.hybNorm.medNormInt.plateScale.calibration.anmlQC.qcCheck.anmlSMP.adat	SomaScan Assay	not available	SomaScan 7K	v4.1	RFU	PLT23671	Raw RFU, Hyb Normalization, medNormInt (SampleId), plateScale, Calibration, anmlQC, qcCheck, anmlSMP	1	SomaScan 7K	SomaScan Assay v4.1	20%	not available	v1.1.0	NT=affinity-proteomics;VV=v1.0.0	NT=somascan;VV=v1.0.0	NT=human;VV=v1.1.0	NT=sdrf-skills-autoresearch;VV=v0.0.0
PAD000010-f01-r00027-4020_PRE	Homo sapiens	Blood plasma	not available	not available	not available	not available	4020	not available	not available	27	not available	experimental sample	blood plasma	PAD000010-f01-r00027-4020_PRE	protein expression profiling by aptamer array	1	SS-2340753_v4.1_EDTAPlasma.hybNorm.medNormInt.plateScale.calibration.anmlQC.qcCheck.anmlSMP.adat	ftp://ftp.pride.ebi.ac.uk/pride/data/archive/2025/11/PAD000010/SS-2340753_v4.1_EDTAPlasma.hybNorm.medNormInt.plateScale.calibration.anmlQC.qcCheck.anmlSMP.adat	SomaScan Assay	not available	SomaScan 7K	v4.1	RFU	PLT23671	Raw RFU, Hyb Normalization, medNormInt (SampleId), plateScale, Calibration, anmlQC, qcCheck, anmlSMP	1	SomaScan 7K	SomaScan Assay v4.1	20%	not available	v1.1.0	NT=affinity-proteomics;VV=v1.0.0	NT=somascan;VV=v1.0.0	NT=human;VV=v1.1.0	NT=sdrf-skills-autoresearch;VV=v0.0.0
PAD000010-f01-r00028-200170	Homo sapiens	Blood plasma	not available	not available	not available	not available	not available	not available	not available	28	not available	quality control sample	blood plasma	PAD000010-f01-r00028-200170	protein expression profiling by aptamer array	1	SS-2340753_v4.1_EDTAPlasma.hybNorm.medNormInt.plateScale.calibration.anmlQC.qcCheck.anmlSMP.adat	ftp://ftp.pride.ebi.ac.uk/pride/data/archive/2025/11/PAD000010/SS-2340753_v4.1_EDTAPlasma.hybNorm.medNormInt.plateScale.calibration.anmlQC.qcCheck.anmlSMP.adat	SomaScan Assay	not available	SomaScan 7K	v4.1	RFU	PLT23671	Raw RFU, Hyb Normalization, medNormInt (SampleId), plateScale, Calibration, anmlQC, qcCheck, anmlSMP	1	SomaScan 7K	SomaScan Assay v4.1	20%	not available	v1.1.0	NT=affinity-proteomics;VV=v1.0.0	NT=somascan;VV=v1.0.0	NT=human;VV=v1.1.0	NT=sdrf-skills-autoresearch;VV=v0.0.0
PAD000010-f01-r00029-214_POST	Homo sapiens	Blood plasma	not available	not available	not available	not available	214	not available	not available	29	not available	experimental sample	blood plasma	PAD000010-f01-r00029-214_POST	protein expression profiling by aptamer array	1	SS-2340753_v4.1_EDTAPlasma.hybNorm.medNormInt.plateScale.calibration.anmlQC.qcCheck.anmlSMP.adat	ftp://ftp.pride.ebi.ac.uk/pride/data/archive/2025/11/PAD000010/SS-2340753_v4.1_EDTAPlasma.hybNorm.medNormInt.plateScale.calibration.anmlQC.qcCheck.anmlSMP.adat	SomaScan Assay	not available	SomaScan 7K	v4.1	RFU	PLT23671	Raw RFU, Hyb Normalization, medNormInt (SampleId), plateScale, Calibration, anmlQC, qcCheck, anmlSMP	1	SomaScan 7K	SomaScan Assay v4.1	20%	not available	v1.1.0	NT=affinity-proteomics;VV=v1.0.0	NT=somascan;VV=v1.0.0	NT=human;VV=v1.1.0	NT=sdrf-skills-autoresearch;VV=v0.0.0
PAD000010-f01-r00030-1580_PRE	Homo sapiens	Blood plasma	not available	not available	not available	not available	1580	not available	not available	30	not available	experimental sample	blood plasma	PAD000010-f01-r00030-1580_PRE	protein expression profiling by aptamer array	1	SS-2340753_v4.1_EDTAPlasma.hybNorm.medNormInt.plateScale.calibration.anmlQC.qcCheck.anmlSMP.adat	ftp://ftp.pride.ebi.ac.uk/pride/data/archive/2025/11/PAD000010/SS-2340753_v4.1_EDTAPlasma.hybNorm.medNormInt.plateScale.calibration.anmlQC.qcCheck.anmlSMP.adat	SomaScan Assay	not available	SomaScan 7K	v4.1	RFU	PLT23671	Raw RFU, Hyb Normalization, medNormInt (SampleId), plateScale, Calibration, anmlQC, qcCheck, anmlSMP	1	SomaScan 7K	SomaScan Assay v4.1	20%	not available	v1.1.0	NT=affinity-proteomics;VV=v1.0.0	NT=somascan;VV=v1.0.0	NT=human;VV=v1.1.0	NT=sdrf-skills-autoresearch;VV=v0.0.0
PAD000010-f01-r00031-4015_PRE	Homo sapiens	Blood plasma	not available	not available	not available	not available	4015	not available	not available	31	not available	experimental sample	blood plasma	PAD000010-f01-r00031-4015_PRE	protein expression profiling by aptamer array	1	SS-2340753_v4.1_EDTAPlasma.hybNorm.medNormInt.plateScale.calibration.anmlQC.qcCheck.anmlSMP.adat	ftp://ftp.pride.ebi.ac.uk/pride/data/archive/2025/11/PAD000010/SS-2340753_v4.1_EDTAPlasma.hybNorm.medNormInt.plateScale.calibration.anmlQC.qcCheck.anmlSMP.adat	SomaScan Assay	not available	SomaScan 7K	v4.1	RFU	PLT23671	Raw RFU, Hyb Normalization, medNormInt (SampleId), plateScale, Calibration, anmlQC, qcCheck, anmlSMP	1	SomaScan 7K	SomaScan Assay v4.1	20%	not available	v1.1.0	NT=affinity-proteomics;VV=v1.0.0	NT=somascan;VV=v1.0.0	NT=human;VV=v1.1.0	NT=sdrf-skills-autoresearch;VV=v0.0.0
PAD000010-f01-r00032-213_PRE	Homo sapiens	Blood plasma	not available	not available	not available	not available	213	not available	not available	32	not available	experimental sample	blood plasma	PAD000010-f01-r00032-213_PRE	protein expression profiling by aptamer array	1	SS-2340753_v4.1_EDTAPlasma.hybNorm.medNormInt.plateScale.calibration.anmlQC.qcCheck.anmlSMP.adat	ftp://ftp.pride.ebi.ac.uk/pride/data/archive/2025/11/PAD000010/SS-2340753_v4.1_EDTAPlasma.hybNorm.medNormInt.plateScale.calibration.anmlQC.qcCheck.anmlSMP.adat	SomaScan Assay	not available	SomaScan 7K	v4.1	RFU	PLT23671	Raw RFU, Hyb Normalization, medNormInt (SampleId), plateScale, Calibration, anmlQC, qcCheck, anmlSMP	1	SomaScan 7K	SomaScan Assay v4.1	20%	not available	v1.1.0	NT=affinity-proteomics;VV=v1.0.0	NT=somascan;VV=v1.0.0	NT=human;VV=v1.1.0	NT=sdrf-skills-autoresearch;VV=v0.0.0
PAD000010-f01-r00033-4027_PRE	Homo sapiens	Blood plasma	not available	not available	not available	not available	4027	not available	not available	33	not available	experimental sample	blood plasma	PAD000010-f01-r00033-4027_PRE	protein expression profiling by aptamer array	1	SS-2340753_v4.1_EDTAPlasma.hybNorm.medNormInt.plateScale.calibration.anmlQC.qcCheck.anmlSMP.adat	ftp://ftp.pride.ebi.ac.uk/pride/data/archive/2025/11/PAD000010/SS-2340753_v4.1_EDTAPlasma.hybNorm.medNormInt.plateScale.calibration.anmlQC.qcCheck.anmlSMP.adat	SomaScan Assay	not available	SomaScan 7K	v4.1	RFU	PLT23671	Raw RFU, Hyb Normalization, medNormInt (SampleId), plateScale, Calibration, anmlQC, qcCheck, anmlSMP	1	SomaScan 7K	SomaScan Assay v4.1	20%	not available	v1.1.0	NT=affinity-proteomics;VV=v1.0.0	NT=somascan;VV=v1.0.0	NT=human;VV=v1.1.0	NT=sdrf-skills-autoresearch;VV=v0.0.0
PAD000010-f01-r00034-4021_POST	Homo sapiens	Blood plasma	not available	not available	not available	not available	4021	not available	not available	34	not available	experimental sample	blood plasma	PAD000010-f01-r00034-4021_POST	protein expression profiling by aptamer array	1	SS-2340753_v4.1_EDTAPlasma.hybNorm.medNormInt.plateScale.calibration.anmlQC.qcCheck.anmlSMP.adat	ftp://ftp.pride.ebi.ac.uk/pride/data/archive/2025/11/PAD000010/SS-2340753_v4.1_EDTAPlasma.hybNorm.medNormInt.plateScale.calibration.anmlQC.qcCheck.anmlSMP.adat	SomaScan Assay	not available	SomaScan 7K	v4.1	RFU	PLT23671	Raw RFU, Hyb Normalization, medNormInt (SampleId), plateScale, Calibration, anmlQC, qcCheck, anmlSMP	1	SomaScan 7K	SomaScan Assay v4.1	20%	not available	v1.1.0	NT=affinity-proteomics;VV=v1.0.0	NT=somascan;VV=v1.0.0	NT=human;VV=v1.1.0	NT=sdrf-skills-autoresearch;VV=v0.0.0
PAD000010-f01-r00035-4026_POST	Homo sapiens	Blood plasma	not available	not available	not available	not available	4026	not available	not available	35	not available	experimental sample	blood plasma	PAD000010-f01-r00035-4026_POST	protein expression profiling by aptamer array	1	SS-2340753_v4.1_EDTAPlasma.hybNorm.medNormInt.plateScale.calibration.anmlQC.qcCheck.anmlSMP.adat	ftp://ftp.pride.ebi.ac.uk/pride/data/archive/2025/11/PAD000010/SS-2340753_v4.1_EDTAPlasma.hybNorm.medNormInt.plateScale.calibration.anmlQC.qcCheck.anmlSMP.adat	SomaScan Assay	not available	SomaScan 7K	v4.1	RFU	PLT23671	Raw RFU, Hyb Normalization, medNormInt (SampleId), plateScale, Calibration, anmlQC, qcCheck, anmlSMP	1	SomaScan 7K	SomaScan Assay v4.1	20%	not available	v1.1.0	NT=affinity-proteomics;VV=v1.0.0	NT=somascan;VV=v1.0.0	NT=human;VV=v1.1.0	NT=sdrf-skills-autoresearch;VV=v0.0.0
PAD000010-f01-r00036-4013_PRE	Homo sapiens	Blood plasma	not available	not available	not available	not available	4013	not available	not available	36	not available	experimental sample	blood plasma	PAD000010-f01-r00036-4013_PRE	protein expression profiling by aptamer array	1	SS-2340753_v4.1_EDTAPlasma.hybNorm.medNormInt.plateScale.calibration.anmlQC.qcCheck.anmlSMP.adat	ftp://ftp.pride.ebi.ac.uk/pride/data/archive/2025/11/PAD000010/SS-2340753_v4.1_EDTAPlasma.hybNorm.medNormInt.plateScale.calibration.anmlQC.qcCheck.anmlSMP.adat	SomaScan Assay	not available	SomaScan 7K	v4.1	RFU	PLT23671	Raw RFU, Hyb Normalization, medNormInt (SampleId), plateScale, Calibration, anmlQC, qcCheck, anmlSMP	1	SomaScan 7K	SomaScan Assay v4.1	20%	not available	v1.1.0	NT=affinity-proteomics;VV=v1.0.0	NT=somascan;VV=v1.0.0	NT=human;VV=v1.1.0	NT=sdrf-skills-autoresearch;VV=v0.0.0
PAD000010-f01-r00037-4017_POST	Homo sapiens	Blood plasma	not available	not available	not available	not available	4017	not available	not available	37	not available	experimental sample	blood plasma	PAD000010-f01-r00037-4017_POST	protein expression profiling by aptamer array	1	SS-2340753_v4.1_EDTAPlasma.hybNorm.medNormInt.plateScale.calibration.anmlQC.qcCheck.anmlSMP.adat	ftp://ftp.pride.ebi.ac.uk/pride/data/archive/2025/11/PAD000010/SS-2340753_v4.1_EDTAPlasma.hybNorm.medNormInt.plateScale.calibration.anmlQC.qcCheck.anmlSMP.adat	SomaScan Assay	not available	SomaScan 7K	v4.1	RFU	PLT23671	Raw RFU, Hyb Normalization, medNormInt (SampleId), plateScale, Calibration, anmlQC, qcCheck, anmlSMP	1	SomaScan 7K	SomaScan Assay v4.1	20%	not available	v1.1.0	NT=affinity-proteomics;VV=v1.0.0	NT=somascan;VV=v1.0.0	NT=human;VV=v1.1.0	NT=sdrf-skills-autoresearch;VV=v0.0.0
PAD000010-f01-r00038-4014_PRE	Homo sapiens	Blood plasma	not available	not available	not available	not available	4014	not available	not available	38	not available	experimental sample	blood plasma	PAD000010-f01-r00038-4014_PRE	protein expression profiling by aptamer array	1	SS-2340753_v4.1_EDTAPlasma.hybNorm.medNormInt.plateScale.calibration.anmlQC.qcCheck.anmlSMP.adat	ftp://ftp.pride.ebi.ac.uk/pride/data/archive/2025/11/PAD000010/SS-2340753_v4.1_EDTAPlasma.hybNorm.medNormInt.plateScale.calibration.anmlQC.qcCheck.anmlSMP.adat	SomaScan Assay	not available	SomaScan 7K	v4.1	RFU	PLT23671	Raw RFU, Hyb Normalization, medNormInt (SampleId), plateScale, Calibration, anmlQC, qcCheck, anmlSMP	1	SomaScan 7K	SomaScan Assay v4.1	20%	not available	v1.1.0	NT=affinity-proteomics;VV=v1.0.0	NT=somascan;VV=v1.0.0	NT=human;VV=v1.1.0	NT=sdrf-skills-autoresearch;VV=v0.0.0
PAD000010-f01-r00039-200169	Homo sapiens	Blood plasma	not available	not available	not available	not available	not available	not available	not available	39	not available	calibrator sample	blood plasma	PAD000010-f01-r00039-200169	protein expression profiling by aptamer array	2	SS-2340753_v4.1_EDTAPlasma.hybNorm.medNormInt.plateScale.calibration.anmlQC.qcCheck.anmlSMP.adat	ftp://ftp.pride.ebi.ac.uk/pride/data/archive/2025/11/PAD000010/SS-2340753_v4.1_EDTAPlasma.hybNorm.medNormInt.plateScale.calibration.anmlQC.qcCheck.anmlSMP.adat	SomaScan Assay	not available	SomaScan 7K	v4.1	RFU	PLT23671	Raw RFU, Hyb Normalization, medNormInt (SampleId), plateScale, Calibration, anmlQC, qcCheck, anmlSMP	1	SomaScan 7K	SomaScan Assay v4.1	20%	not available	v1.1.0	NT=affinity-proteomics;VV=v1.0.0	NT=somascan;VV=v1.0.0	NT=human;VV=v1.1.0	NT=sdrf-skills-autoresearch;VV=v0.0.0
PAD000010-f01-r00040-4025_PRE	Homo sapiens	Blood plasma	not available	not available	not available	not available	4025	not available	not available	40	not available	experimental sample	blood plasma	PAD000010-f01-r00040-4025_PRE	protein expression profiling by aptamer array	1	SS-2340753_v4.1_EDTAPlasma.hybNorm.medNormInt.plateScale.calibration.anmlQC.qcCheck.anmlSMP.adat	ftp://ftp.pride.ebi.ac.uk/pride/data/archive/2025/11/PAD000010/SS-2340753_v4.1_EDTAPlasma.hybNorm.medNormInt.plateScale.calibration.anmlQC.qcCheck.anmlSMP.adat	SomaScan Assay	not available	SomaScan 7K	v4.1	RFU	PLT23671	Raw RFU, Hyb Normalization, medNormInt (SampleId), plateScale, Calibration, anmlQC, qcCheck, anmlSMP	1	SomaScan 7K	SomaScan Assay v4.1	20%	not available	v1.1.0	NT=affinity-proteomics;VV=v1.0.0	NT=somascan;VV=v1.0.0	NT=human;VV=v1.1.0	NT=sdrf-skills-autoresearch;VV=v0.0.0
PAD000010-f01-r00041-4023_PRE	Homo sapiens	Blood plasma	not available	not available	not available	not available	4023	not available	not available	41	not available	experimental sample	blood plasma	PAD000010-f01-r00041-4023_PRE	protein expression profiling by aptamer array	1	SS-2340753_v4.1_EDTAPlasma.hybNorm.medNormInt.plateScale.calibration.anmlQC.qcCheck.anmlSMP.adat	ftp://ftp.pride.ebi.ac.uk/pride/data/archive/2025/11/PAD000010/SS-2340753_v4.1_EDTAPlasma.hybNorm.medNormInt.plateScale.calibration.anmlQC.qcCheck.anmlSMP.adat	SomaScan Assay	not available	SomaScan 7K	v4.1	RFU	PLT23671	Raw RFU, Hyb Normalization, medNormInt (SampleId), plateScale, Calibration, anmlQC, qcCheck, anmlSMP	1	SomaScan 7K	SomaScan Assay v4.1	20%	not available	v1.1.0	NT=affinity-proteomics;VV=v1.0.0	NT=somascan;VV=v1.0.0	NT=human;VV=v1.1.0	NT=sdrf-skills-autoresearch;VV=v0.0.0
PAD000010-f01-r00042-200169	Homo sapiens	Blood plasma	not available	not available	not available	not available	not available	not available	not available	42	not available	calibrator sample	blood plasma	PAD000010-f01-r00042-200169	protein expression profiling by aptamer array	3	SS-2340753_v4.1_EDTAPlasma.hybNorm.medNormInt.plateScale.calibration.anmlQC.qcCheck.anmlSMP.adat	ftp://ftp.pride.ebi.ac.uk/pride/data/archive/2025/11/PAD000010/SS-2340753_v4.1_EDTAPlasma.hybNorm.medNormInt.plateScale.calibration.anmlQC.qcCheck.anmlSMP.adat	SomaScan Assay	not available	SomaScan 7K	v4.1	RFU	PLT23671	Raw RFU, Hyb Normalization, medNormInt (SampleId), plateScale, Calibration, anmlQC, qcCheck, anmlSMP	1	SomaScan 7K	SomaScan Assay v4.1	20%	not available	v1.1.0	NT=affinity-proteomics;VV=v1.0.0	NT=somascan;VV=v1.0.0	NT=human;VV=v1.1.0	NT=sdrf-skills-autoresearch;VV=v0.0.0
PAD000010-f01-r00043-4022_POST	Homo sapiens	Blood plasma	not available	not available	not available	not available	4022	not available	not available	43	not available	experimental sample	blood plasma	PAD000010-f01-r00043-4022_POST	protein expression profiling by aptamer array	1	SS-2340753_v4.1_EDTAPlasma.hybNorm.medNormInt.plateScale.calibration.anmlQC.qcCheck.anmlSMP.adat	ftp://ftp.pride.ebi.ac.uk/pride/data/archive/2025/11/PAD000010/SS-2340753_v4.1_EDTAPlasma.hybNorm.medNormInt.plateScale.calibration.anmlQC.qcCheck.anmlSMP.adat	SomaScan Assay	not available	SomaScan 7K	v4.1	RFU	PLT23671	Raw RFU, Hyb Normalization, medNormInt (SampleId), plateScale, Calibration, anmlQC, qcCheck, anmlSMP	1	SomaScan 7K	SomaScan Assay v4.1	20%	not available	v1.1.0	NT=affinity-proteomics;VV=v1.0.0	NT=somascan;VV=v1.0.0	NT=human;VV=v1.1.0	NT=sdrf-skills-autoresearch;VV=v0.0.0
PAD000010-f01-r00044-4027_POST	Homo sapiens	Blood plasma	not available	not available	not available	not available	4027	not available	not available	44	not available	experimental sample	blood plasma	PAD000010-f01-r00044-4027_POST	protein expression profiling by aptamer array	1	SS-2340753_v4.1_EDTAPlasma.hybNorm.medNormInt.plateScale.calibration.anmlQC.qcCheck.anmlSMP.adat	ftp://ftp.pride.ebi.ac.uk/pride/data/archive/2025/11/PAD000010/SS-2340753_v4.1_EDTAPlasma.hybNorm.medNormInt.plateScale.calibration.anmlQC.qcCheck.anmlSMP.adat	SomaScan Assay	not available	SomaScan 7K	v4.1	RFU	PLT23671	Raw RFU, Hyb Normalization, medNormInt (SampleId), plateScale, Calibration, anmlQC, qcCheck, anmlSMP	1	SomaScan 7K	SomaScan Assay v4.1	20%	not available	v1.1.0	NT=affinity-proteomics;VV=v1.0.0	NT=somascan;VV=v1.0.0	NT=human;VV=v1.1.0	NT=sdrf-skills-autoresearch;VV=v0.0.0
PAD000010-f01-r00045-230066	Homo sapiens	Blood plasma	not available	not available	not available	not available	not available	not available	not available	45	not available	experimental sample	blood plasma	PAD000010-f01-r00045-230066	protein expression profiling by aptamer array	3	SS-2340753_v4.1_EDTAPlasma.hybNorm.medNormInt.plateScale.calibration.anmlQC.qcCheck.anmlSMP.adat	ftp://ftp.pride.ebi.ac.uk/pride/data/archive/2025/11/PAD000010/SS-2340753_v4.1_EDTAPlasma.hybNorm.medNormInt.plateScale.calibration.anmlQC.qcCheck.anmlSMP.adat	SomaScan Assay	not available	SomaScan 7K	v4.1	RFU	PLT23671	Raw RFU, Hyb Normalization, medNormInt (SampleId), plateScale, Calibration, anmlQC, qcCheck, anmlSMP	1	SomaScan 7K	SomaScan Assay v4.1	20%	not available	v1.1.0	NT=affinity-proteomics;VV=v1.0.0	NT=somascan;VV=v1.0.0	NT=human;VV=v1.1.0	NT=sdrf-skills-autoresearch;VV=v0.0.0
PAD000010-f01-r00046-4019_POST	Homo sapiens	Blood plasma	not available	not available	not available	not available	4019	not available	not available	46	not available	experimental sample	blood plasma	PAD000010-f01-r00046-4019_POST	protein expression profiling by aptamer array	1	SS-2340753_v4.1_EDTAPlasma.hybNorm.medNormInt.plateScale.calibration.anmlQC.qcCheck.anmlSMP.adat	ftp://ftp.pride.ebi.ac.uk/pride/data/archive/2025/11/PAD000010/SS-2340753_v4.1_EDTAPlasma.hybNorm.medNormInt.plateScale.calibration.anmlQC.qcCheck.anmlSMP.adat	SomaScan Assay	not available	SomaScan 7K	v4.1	RFU	PLT23671	Raw RFU, Hyb Normalization, medNormInt (SampleId), plateScale, Calibration, anmlQC, qcCheck, anmlSMP	1	SomaScan 7K	SomaScan Assay v4.1	20%	not available	v1.1.0	NT=affinity-proteomics;VV=v1.0.0	NT=somascan;VV=v1.0.0	NT=human;VV=v1.1.0	NT=sdrf-skills-autoresearch;VV=v0.0.0
PAD000010-f01-r00047-4020_POST	Homo sapiens	Blood plasma	not available	not available	not available	not available	4020	not available	not available	47	not available	experimental sample	blood plasma	PAD000010-f01-r00047-4020_POST	protein expression profiling by aptamer array	1	SS-2340753_v4.1_EDTAPlasma.hybNorm.medNormInt.plateScale.calibration.anmlQC.qcCheck.anmlSMP.adat	ftp://ftp.pride.ebi.ac.uk/pride/data/archive/2025/11/PAD000010/SS-2340753_v4.1_EDTAPlasma.hybNorm.medNormInt.plateScale.calibration.anmlQC.qcCheck.anmlSMP.adat	SomaScan Assay	not available	SomaScan 7K	v4.1	RFU	PLT23671	Raw RFU, Hyb Normalization, medNormInt (SampleId), plateScale, Calibration, anmlQC, qcCheck, anmlSMP	1	SomaScan 7K	SomaScan Assay v4.1	20%	not available	v1.1.0	NT=affinity-proteomics;VV=v1.0.0	NT=somascan;VV=v1.0.0	NT=human;VV=v1.1.0	NT=sdrf-skills-autoresearch;VV=v0.0.0
PAD000010-f01-r00048-200169	Homo sapiens	Blood plasma	not available	not available	not available	not available	not available	not available	not available	48	not available	calibrator sample	blood plasma	PAD000010-f01-r00048-200169	protein expression profiling by aptamer array	4	SS-2340753_v4.1_EDTAPlasma.hybNorm.medNormInt.plateScale.calibration.anmlQC.qcCheck.anmlSMP.adat	ftp://ftp.pride.ebi.ac.uk/pride/data/archive/2025/11/PAD000010/SS-2340753_v4.1_EDTAPlasma.hybNorm.medNormInt.plateScale.calibration.anmlQC.qcCheck.anmlSMP.adat	SomaScan Assay	not available	SomaScan 7K	v4.1	RFU	PLT23671	Raw RFU, Hyb Normalization, medNormInt (SampleId), plateScale, Calibration, anmlQC, qcCheck, anmlSMP	1	SomaScan 7K	SomaScan Assay v4.1	20%	not available	v1.1.0	NT=affinity-proteomics;VV=v1.0.0	NT=somascan;VV=v1.0.0	NT=human;VV=v1.1.0	NT=sdrf-skills-autoresearch;VV=v0.0.0
PAD000010-f01-r00049-200170	Homo sapiens	Blood plasma	not available	not available	not available	not available	not available	not available	not available	49	not available	quality control sample	blood plasma	PAD000010-f01-r00049-200170	protein expression profiling by aptamer array	2	SS-2340753_v4.1_EDTAPlasma.hybNorm.medNormInt.plateScale.calibration.anmlQC.qcCheck.anmlSMP.adat	ftp://ftp.pride.ebi.ac.uk/pride/data/archive/2025/11/PAD000010/SS-2340753_v4.1_EDTAPlasma.hybNorm.medNormInt.plateScale.calibration.anmlQC.qcCheck.anmlSMP.adat	SomaScan Assay	not available	SomaScan 7K	v4.1	RFU	PLT23671	Raw RFU, Hyb Normalization, medNormInt (SampleId), plateScale, Calibration, anmlQC, qcCheck, anmlSMP	1	SomaScan 7K	SomaScan Assay v4.1	20%	not available	v1.1.0	NT=affinity-proteomics;VV=v1.0.0	NT=somascan;VV=v1.0.0	NT=human;VV=v1.1.0	NT=sdrf-skills-autoresearch;VV=v0.0.0
PAD000010-f01-r00050-230066	Homo sapiens	Blood plasma	not available	not available	not available	not available	not available	not available	not available	50	not available	experimental sample	blood plasma	PAD000010-f01-r00050-230066	protein expression profiling by aptamer array	4	SS-2340753_v4.1_EDTAPlasma.hybNorm.medNormInt.plateScale.calibration.anmlQC.qcCheck.anmlSMP.adat	ftp://ftp.pride.ebi.ac.uk/pride/data/archive/2025/11/PAD000010/SS-2340753_v4.1_EDTAPlasma.hybNorm.medNormInt.plateScale.calibration.anmlQC.qcCheck.anmlSMP.adat	SomaScan Assay	not available	SomaScan 7K	v4.1	RFU	PLT23671	Raw RFU, Hyb Normalization, medNormInt (SampleId), plateScale, Calibration, anmlQC, qcCheck, anmlSMP	1	SomaScan 7K	SomaScan Assay v4.1	20%	not available	v1.1.0	NT=affinity-proteomics;VV=v1.0.0	NT=somascan;VV=v1.0.0	NT=human;VV=v1.1.0	NT=sdrf-skills-autoresearch;VV=v0.0.0
PAD000010-f01-r00051-200169	Homo sapiens	Blood plasma	not available	not available	not available	not available	not available	not available	not available	51	not available	calibrator sample	blood plasma	PAD000010-f01-r00051-200169	protein expression profiling by aptamer array	5	SS-2340753_v4.1_EDTAPlasma.hybNorm.medNormInt.plateScale.calibration.anmlQC.qcCheck.anmlSMP.adat	ftp://ftp.pride.ebi.ac.uk/pride/data/archive/2025/11/PAD000010/SS-2340753_v4.1_EDTAPlasma.hybNorm.medNormInt.plateScale.calibration.anmlQC.qcCheck.anmlSMP.adat	SomaScan Assay	not available	SomaScan 7K	v4.1	RFU	PLT23671	Raw RFU, Hyb Normalization, medNormInt (SampleId), plateScale, Calibration, anmlQC, qcCheck, anmlSMP	1	SomaScan 7K	SomaScan Assay v4.1	20%	not available	v1.1.0	NT=affinity-proteomics;VV=v1.0.0	NT=somascan;VV=v1.0.0	NT=human;VV=v1.1.0	NT=sdrf-skills-autoresearch;VV=v0.0.0
PAD000010-f01-r00052-200170	Homo sapiens	Blood plasma	not available	not available	not available	not available	not available	not available	not available	52	not available	quality control sample	blood plasma	PAD000010-f01-r00052-200170	protein expression profiling by aptamer array	3	SS-2340753_v4.1_EDTAPlasma.hybNorm.medNormInt.plateScale.calibration.anmlQC.qcCheck.anmlSMP.adat	ftp://ftp.pride.ebi.ac.uk/pride/data/archive/2025/11/PAD000010/SS-2340753_v4.1_EDTAPlasma.hybNorm.medNormInt.plateScale.calibration.anmlQC.qcCheck.anmlSMP.adat	SomaScan Assay	not available	SomaScan 7K	v4.1	RFU	PLT23671	Raw RFU, Hyb Normalization, medNormInt (SampleId), plateScale, Calibration, anmlQC, qcCheck, anmlSMP	1	SomaScan 7K	SomaScan Assay v4.1	20%	not available	v1.1.0	NT=affinity-proteomics;VV=v1.0.0	NT=somascan;VV=v1.0.0	NT=human;VV=v1.1.0	NT=sdrf-skills-autoresearch;VV=v0.0.0
